title,price,rating,reviews,availability
PlayStation®4 Console – Call of Duty® Modern Warfare II Bundle,,4.5 out of 5 stars,106 ratings,In Stock
"Wireless Controller Dual Vibration Game Joystick Controller for Ps4 Controller/Slim/Pro,Compatible with PS4 Console",,4.0 out of 5 stars,"2,341 ratings",In Stock
$250 PlayStation Store Gift Card [Digital Code],,4.7 out of 5 stars,"251,378 ratings",Available now
"PS4 Controller Charger Dock Station, OIVO 1.8Hrs PS4 Controller Charging Dock, Charging Station Replacement for PlayStation 4 Dualshock 4 Charger",,4.7 out of 5 stars,"39,038 ratings",In Stock
"Wireless Controller for PS4, Custom Design V2 Gamepad Joystick for PS4 with Non-Slip Grip of Both Sides and 3.5mm Audio Jack! Thumb Caps Included! (Galaxy)",,4.2 out of 5 stars,"2,845 ratings",In Stock
"DualShock 4 Wireless Controller for PlayStation 4 , television- Jet Black (Renewed)",,3.9 out of 5 stars,"1,916 ratings",Not Available
"FASIGO PS4 Controller 2 Pack, Wireless PS4 Controller for PS4 / Pro/Slim & PC, with 2 USB C Cable - Black",,4.3 out of 5 stars,202 ratings,In Stock
"OIVO PS4 Stand Cooling Fan Station for Playstation 4/PS4 Slim/PS4 Pro, PS4 Pro Vertical Stand with Dual Controller EXT Port Charger Dock Station and 12 Game Slots",,4.5 out of 5 stars,"45,824 ratings",In Stock
Final Fantasy VII Remake - PlayStation 4 Deluxe Edition,,4.8 out of 5 stars,"6,857 ratings",Only 1 left in stock - order soon.
Grand Theft Auto V: Premium Edition (PS4),,4.6 out of 5 stars,"12,272 ratings",In Stock
"Wuthur PS4 Controller Wireless 2 Pack, Compatible with PlayStation 4 - Black & White",,4.2 out of 5 stars,90 ratings,In Stock
PowerA USB Charging Cable for PlayStation 4,,4.7 out of 5 stars,"33,883 ratings",In Stock
"Playstation Sony 4, 500GB Slim System [CUH-2215AB01], Black, 3003347",,4.4 out of 5 stars,356 ratings,Not Available
Sony Playstation PS4 1TB Black Console,,4.7 out of 5 stars,"1,533 ratings",Only 1 left in stock - order soon.
PlayStation 4 Slim 1TB Console,,4.7 out of 5 stars,"15,736 ratings",Only 10 left in stock - order soon.
RPlay Play-Station 4 PS4 1TB Slim Edition Jet Black With 1 Wireless Controller,,4.4 out of 5 stars,65 ratings,Only 13 left in stock - order soon.
"WD22TB4 Dell Docking Station Thunderbolt 4 Dock - 1 Year Warranty, Dell Dock Station with 180W AC Adapter + HDMI Cable + DisplayPort Cable + USB-C Cable + Microfiber Cloth (New)",,4.5 out of 5 stars,42 ratings,In Stock
"Dliaonew Wireless Controller for PS4, 2 Pack Remote Control Compatible with PS4/Slim/Pro with Dual Vibration/Audio/Six-axis Motion Sensor/Game Joystick - Camo Red + Camo Green",,4.2 out of 5 stars,326 ratings,In Stock
"Hittoliy 2 Pack Wireless Controller for PS4/Pro/Slim,Wireless Remote Controller with 1000mAh Battery,Double Shock,6-axis Motion Sensor and Audio,Compatible with Playstation 4/ Playstation 3",,Previous page of related Sponsored Products,,In Stock
